<?xml version="1.0" encoding="utf-8"?>
<photos>

	<config 
		show_tooltip="true"
		follow_mouse="false"
		folder="photos/"
		css_file="flashmo_210_style.css"
		tween_duration="0.5"
		rotation_speed="4"
		radius_x="300"
		radius_y="115"
		tn_border_size="5"
		tn_border_color="0xFFFFFF"
		photo_border_size="5"
		photo_border_color="0xFFFFFF"
		bar_status="1"
		dragger_x="0"
		dragger_y="220">
	</config>

<photo>
  <thumbnail>s_DSC_0773.JPG</thumbnail>
  <filename>DSC_0773.JPG</filename>
  <tooltip>ACEView ODC Inauguration</tooltip>
  <description>ACEView ODC Inauguration Celebrations</description>
</photo>
<photo>
  <thumbnail>s_DSC_0774.JPG</thumbnail>
  <filename>DSC_0774.JPG</filename>
  <tooltip>ACEView ODC Inauguration</tooltip>
  <description>ACEView ODC Inauguration Celebrations</description>
</photo>
<photo>
  <thumbnail>s_DSC_0775.JPG</thumbnail>
  <filename>DSC_0775.JPG</filename>
  <tooltip>ACEView ODC Inauguration</tooltip>
  <description>ACEView ODC Inauguration Celebrations</description>
</photo>
<photo>
  <thumbnail>s_DSC_0776.JPG</thumbnail>
  <filename>DSC_0776.JPG</filename>
  <tooltip>ACEView ODC Inauguration</tooltip>
  <description>ACEView ODC Inauguration Celebrations</description>
</photo>
<photo>
  <thumbnail>s_DSC_0777.JPG</thumbnail>
  <filename>DSC_0777.JPG</filename>
  <tooltip>ACEView ODC Inauguration</tooltip>
  <description>ACEView ODC Inauguration Celebrations</description>
</photo>
<photo>
  <thumbnail>s_DSC_0778.JPG</thumbnail>
  <filename>DSC_0778.JPG</filename>
  <tooltip>ACEView ODC Inauguration</tooltip>
  <description>ACEView ODC Inauguration Celebrations</description>
</photo>
<photo>
  <thumbnail>s_DSC_0780.JPG</thumbnail>
  <filename>DSC_0780.JPG</filename>
  <tooltip>ACEView ODC Inauguration</tooltip>
  <description>ACEView ODC Inauguration Celebrations</description>
</photo>
<photo>
  <thumbnail>s_DSC_0781.JPG</thumbnail>
  <filename>DSC_0781.JPG</filename>
  <tooltip>ACEView ODC Inauguration</tooltip>
  <description>ACEView ODC Inauguration Celebrations</description>
</photo>
<photo>
  <thumbnail>s_DSC_0782.JPG</thumbnail>
  <filename>DSC_0782.JPG</filename>
  <tooltip>ACEView ODC Inauguration</tooltip>
  <description>ACEView ODC Inauguration Celebrations</description>
</photo>
<photo>
  <thumbnail>s_DSC_0783.JPG</thumbnail>
  <filename>DSC_0783.JPG</filename>
  <tooltip>ACEView ODC Inauguration</tooltip>
  <description>ACEView ODC Inauguration Celebrations</description>
</photo>
<photo>
  <thumbnail>s_DSC_0784.JPG</thumbnail>
  <filename>DSC_0784.JPG</filename>
  <tooltip>ACEView ODC Inauguration</tooltip>
  <description>ACEView ODC Inauguration Celebrations</description>
</photo>
<photo>
  <thumbnail>s_DSC_0785.JPG</thumbnail>
  <filename>DSC_0785.JPG</filename>
  <tooltip>ACEView ODC Inauguration</tooltip>
  <description>ACEView ODC Inauguration Celebrations</description>
</photo>
<photo>
  <thumbnail>s_DSC_0786.JPG</thumbnail>
  <filename>DSC_0786.JPG</filename>
  <tooltip>ACEView ODC Inauguration</tooltip>
  <description>ACEView ODC Inauguration Celebrations</description>
</photo>
<photo>
  <thumbnail>s_DSC_0787.JPG</thumbnail>
  <filename>DSC_0787.JPG</filename>
  <tooltip>ACEView ODC Inauguration</tooltip>
  <description>ACEView ODC Inauguration Celebrations</description>
</photo>
<photo>
  <thumbnail>s_DSC_0788.JPG</thumbnail>
  <filename>DSC_0788.JPG</filename>
  <tooltip>ACEView ODC Inauguration</tooltip>
  <description>ACEView ODC Inauguration Celebrations</description>
</photo>
<photo>
  <thumbnail>s_DSC_0789.JPG</thumbnail>
  <filename>DSC_0789.JPG</filename>
  <tooltip>ACEView ODC Inauguration</tooltip>
  <description>ACEView ODC Inauguration Celebrations</description>
</photo>
<photo>
  <thumbnail>s_DSC_0790.JPG</thumbnail>
  <filename>DSC_0790.JPG</filename>
  <tooltip>ACEView ODC Inauguration</tooltip>
  <description>ACEView ODC Inauguration Celebrations</description>
</photo>
<photo>
  <thumbnail>s_DSC_0791.JPG</thumbnail>
  <filename>DSC_0791.JPG</filename>
  <tooltip>ACEView ODC Inauguration</tooltip>
  <description>ACEView ODC Inauguration Celebrations</description>
</photo>
<photo>
  <thumbnail>s_DSC_0792.JPG</thumbnail>
  <filename>DSC_0792.JPG</filename>
  <tooltip>ACEView ODC Inauguration</tooltip>
  <description>ACEView ODC Inauguration Celebrations</description>
</photo>
<photo>
  <thumbnail>s_DSC_0793.JPG</thumbnail>
  <filename>DSC_0793.JPG</filename>
  <tooltip>ACEView ODC Inauguration</tooltip>
  <description>ACEView ODC Inauguration Celebrations</description>
</photo>
<photo>
  <thumbnail>s_DSC_0794.JPG</thumbnail>
  <filename>DSC_0794.JPG</filename>
  <tooltip>ACEView ODC Inauguration</tooltip>
  <description>ACEView ODC Inauguration Celebrations</description>
</photo>
<photo>
  <thumbnail>s_DSC_0796.JPG</thumbnail>
  <filename>DSC_0796.JPG</filename>
  <tooltip>ACEView ODC Inauguration</tooltip>
  <description>ACEView ODC Inauguration Celebrations</description>
</photo>
<photo>
  <thumbnail>s_DSC_0797.JPG</thumbnail>
  <filename>DSC_0797.JPG</filename>
  <tooltip>ACEView ODC Inauguration</tooltip>
  <description>ACEView ODC Inauguration Celebrations</description>
</photo>
<photo>
  <thumbnail>s_DSC_0798.JPG</thumbnail>
  <filename>DSC_0798.JPG</filename>
  <tooltip>ACEView ODC Inauguration</tooltip>
  <description>ACEView ODC Inauguration Celebrations</description>
</photo>
<photo>
  <thumbnail>s_DSC_0799.JPG</thumbnail>
  <filename>DSC_0799.JPG</filename>
  <tooltip>ACEView ODC Inauguration</tooltip>
  <description>ACEView ODC Inauguration Celebrations</description>
</photo>
<photo>
  <thumbnail>s_DSC_0800.JPG</thumbnail>
  <filename>DSC_0800.JPG</filename>
  <tooltip>ACEView ODC Inauguration</tooltip>
  <description>ACEView ODC Inauguration Celebrations</description>
</photo>
<photo>
  <thumbnail>s_DSC_0801.JPG</thumbnail>
  <filename>DSC_0801.JPG</filename>
  <tooltip>ACEView ODC Inauguration</tooltip>
  <description>ACEView ODC Inauguration Celebrations</description>
</photo>
<photo>
  <thumbnail>s_DSC_0802.JPG</thumbnail>
  <filename>DSC_0802.JPG</filename>
  <tooltip>ACEView ODC Inauguration</tooltip>
  <description>ACEView ODC Inauguration Celebrations</description>
</photo>
<photo>
  <thumbnail>s_DSC_0803.JPG</thumbnail>
  <filename>DSC_0803.JPG</filename>
  <tooltip>ACEView ODC Inauguration</tooltip>
  <description>ACEView ODC Inauguration Celebrations</description>
</photo>
<photo>
  <thumbnail>s_DSC_0804.JPG</thumbnail>
  <filename>DSC_0804.JPG</filename>
  <tooltip>ACEView ODC Inauguration</tooltip>
  <description>ACEView ODC Inauguration Celebrations</description>
</photo>
<photo>
  <thumbnail>s_DSC_0805.JPG</thumbnail>
  <filename>DSC_0805.JPG</filename>
  <tooltip>ACEView ODC Inauguration</tooltip>
  <description>ACEView ODC Inauguration Celebrations</description>
</photo>
<photo>
  <thumbnail>s_DSC_0806.JPG</thumbnail>
  <filename>DSC_0806.JPG</filename>
  <tooltip>ACEView ODC Inauguration</tooltip>
  <description>ACEView ODC Inauguration Celebrations</description>
</photo>
<photo>
  <thumbnail>s_DSC_0807.JPG</thumbnail>
  <filename>DSC_0807.JPG</filename>
  <tooltip>ACEView ODC Inauguration</tooltip>
  <description>ACEView ODC Inauguration Celebrations</description>
</photo>
<photo>
  <thumbnail>s_DSC_0808.JPG</thumbnail>
  <filename>DSC_0808.JPG</filename>
  <tooltip>ACEView ODC Inauguration</tooltip>
  <description>ACEView ODC Inauguration Celebrations</description>
</photo>
<photo>
  <thumbnail>s_DSC_0809.JPG</thumbnail>
  <filename>DSC_0809.JPG</filename>
  <tooltip>ACEView ODC Inauguration</tooltip>
  <description>ACEView ODC Inauguration Celebrations</description>
</photo>
<photo>
  <thumbnail>s_DSC_0810.JPG</thumbnail>
  <filename>DSC_0810.JPG</filename>
  <tooltip>ACEView ODC Inauguration</tooltip>
  <description>ACEView ODC Inauguration Celebrations</description>
</photo>
<photo>
  <thumbnail>s_DSC_0811.JPG</thumbnail>
  <filename>DSC_0811.JPG</filename>
  <tooltip>ACEView ODC Inauguration</tooltip>
  <description>ACEView ODC Inauguration Celebrations</description>
</photo>
<photo>
  <thumbnail>s_DSC_0812.JPG</thumbnail>
  <filename>DSC_0812.JPG</filename>
  <tooltip>ACEView ODC Inauguration</tooltip>
  <description>ACEView ODC Inauguration Celebrations</description>
</photo>
<photo>
  <thumbnail>s_DSC_0813.JPG</thumbnail>
  <filename>DSC_0813.JPG</filename>
  <tooltip>ACEView ODC Inauguration</tooltip>
  <description>ACEView ODC Inauguration Celebrations</description>
</photo>
<photo>
  <thumbnail>s_DSC_0814.JPG</thumbnail>
  <filename>DSC_0814.JPG</filename>
  <tooltip>ACEView ODC Inauguration</tooltip>
  <description>ACEView ODC Inauguration Celebrations</description>
</photo>
<photo>
  <thumbnail>s_DSC_0815.JPG</thumbnail>
  <filename>DSC_0815.JPG</filename>
  <tooltip>ACEView ODC Inauguration</tooltip>
  <description>ACEView ODC Inauguration Celebrations</description>
</photo>
<photo>
  <thumbnail>s_DSC_0816.JPG</thumbnail>
  <filename>DSC_0816.JPG</filename>
  <tooltip>ACEView ODC Inauguration</tooltip>
  <description>ACEView ODC Inauguration Celebrations</description>
</photo>
<photo>
  <thumbnail>s_DSC_0817.JPG</thumbnail>
  <filename>DSC_0817.JPG</filename>
  <tooltip>ACEView ODC Inauguration</tooltip>
  <description>ACEView ODC Inauguration Celebrations</description>
</photo>
<photo>
  <thumbnail>s_DSC_0818.JPG</thumbnail>
  <filename>DSC_0818.JPG</filename>
  <tooltip>ACEView ODC Inauguration</tooltip>
  <description>ACEView ODC Inauguration Celebrations</description>
</photo>
<photo>
  <thumbnail>s_DSC_0819.JPG</thumbnail>
  <filename>DSC_0819.JPG</filename>
  <tooltip>ACEView ODC Inauguration</tooltip>
  <description>ACEView ODC Inauguration Celebrations</description>
</photo>
<photo>
  <thumbnail>s_DSC_0820.JPG</thumbnail>
  <filename>DSC_0820.JPG</filename>
  <tooltip>ACEView ODC Inauguration</tooltip>
  <description>ACEView ODC Inauguration Celebrations</description>
</photo>
<photo>
  <thumbnail>s_DSC_0821.JPG</thumbnail>
  <filename>DSC_0821.JPG</filename>
  <tooltip>ACEView ODC Inauguration</tooltip>
  <description>ACEView ODC Inauguration Celebrations</description>
</photo>
<photo>
  <thumbnail>s_DSC_0822.JPG</thumbnail>
  <filename>DSC_0822.JPG</filename>
  <tooltip>ACEView ODC Inauguration</tooltip>
  <description>ACEView ODC Inauguration Celebrations</description>
</photo>
<photo>
  <thumbnail>s_DSC_0823.JPG</thumbnail>
  <filename>DSC_0823.JPG</filename>
  <tooltip>ACEView ODC Inauguration</tooltip>
  <description>ACEView ODC Inauguration Celebrations</description>
</photo>
<photo>
  <thumbnail>s_DSC_0824.JPG</thumbnail>
  <filename>DSC_0824.JPG</filename>
  <tooltip>ACEView ODC Inauguration</tooltip>
  <description>ACEView ODC Inauguration Celebrations</description>
</photo>
<photo>
  <thumbnail>s_DSC_0825.JPG</thumbnail>
  <filename>DSC_0825.JPG</filename>
  <tooltip>ACEView ODC Inauguration</tooltip>
  <description>ACEView ODC Inauguration Celebrations</description>
</photo>
<photo>
  <thumbnail>s_DSC_0826.JPG</thumbnail>
  <filename>DSC_0826.JPG</filename>
  <tooltip>ACEView ODC Inauguration</tooltip>
  <description>ACEView ODC Inauguration Celebrations</description>
</photo>
<photo>
  <thumbnail>s_DSC_0827.JPG</thumbnail>
  <filename>DSC_0827.JPG</filename>
  <tooltip>ACEView ODC Inauguration</tooltip>
  <description>ACEView ODC Inauguration Celebrations</description>
</photo>
<photo>
  <thumbnail>s_DSC_0828.JPG</thumbnail>
  <filename>DSC_0828.JPG</filename>
  <tooltip>ACEView ODC Inauguration</tooltip>
  <description>ACEView ODC Inauguration Celebrations</description>
</photo>
<photo>
  <thumbnail>s_DSC_0829.JPG</thumbnail>
  <filename>DSC_0829.JPG</filename>
  <tooltip>ACEView ODC Inauguration</tooltip>
  <description>ACEView ODC Inauguration Celebrations</description>
</photo>
<photo>
  <thumbnail>s_DSC_0830.JPG</thumbnail>
  <filename>DSC_0830.JPG</filename>
  <tooltip>ACEView ODC Inauguration</tooltip>
  <description>ACEView ODC Inauguration Celebrations</description>
</photo>
<photo>
  <thumbnail>s_DSC_0831.JPG</thumbnail>
  <filename>DSC_0831.JPG</filename>
  <tooltip>ACEView ODC Inauguration</tooltip>
  <description>ACEView ODC Inauguration Celebrations</description>
</photo>
<photo>
  <thumbnail>s_DSC_0836.JPG</thumbnail>
  <filename>DSC_0836.JPG</filename>
  <tooltip>ACEView ODC Inauguration</tooltip>
  <description>ACEView ODC Inauguration Celebrations</description>
</photo>
<photo>
  <thumbnail>s_DSC_0837.JPG</thumbnail>
  <filename>DSC_0837.JPG</filename>
  <tooltip>ACEView ODC Inauguration</tooltip>
  <description>ACEView ODC Inauguration Celebrations</description>
</photo>
<photo>
  <thumbnail>s_DSC_0838.JPG</thumbnail>
  <filename>DSC_0838.JPG</filename>
  <tooltip>ACEView ODC Inauguration</tooltip>
  <description>ACEView ODC Inauguration Celebrations</description>
</photo>
<photo>
  <thumbnail>s_DSC_0839.JPG</thumbnail>
  <filename>DSC_0839.JPG</filename>
  <tooltip>ACEView ODC Inauguration</tooltip>
  <description>ACEView ODC Inauguration Celebrations</description>
</photo>
<photo>
  <thumbnail>s_DSC_0840.JPG</thumbnail>
  <filename>DSC_0840.JPG</filename>
  <tooltip>ACEView ODC Inauguration</tooltip>
  <description>ACEView ODC Inauguration Celebrations</description>
</photo>
<photo>
  <thumbnail>s_DSC_0841.JPG</thumbnail>
  <filename>DSC_0841.JPG</filename>
  <tooltip>ACEView ODC Inauguration</tooltip>
  <description>ACEView ODC Inauguration Celebrations</description>
</photo>
<photo>
  <thumbnail>s_DSC_0842.JPG</thumbnail>
  <filename>DSC_0842.JPG</filename>
  <tooltip>ACEView ODC Inauguration</tooltip>
  <description>ACEView ODC Inauguration Celebrations</description>
</photo>
<photo>
  <thumbnail>s_DSC_0843.JPG</thumbnail>
  <filename>DSC_0843.JPG</filename>
  <tooltip>ACEView ODC Inauguration</tooltip>
  <description>ACEView ODC Inauguration Celebrations</description>
</photo>
<photo>
  <thumbnail>s_DSC_0844.JPG</thumbnail>
  <filename>DSC_0844.JPG</filename>
  <tooltip>ACEView ODC Inauguration</tooltip>
  <description>ACEView ODC Inauguration Celebrations</description>
</photo>
<photo>
  <thumbnail>s_DSC_0845.JPG</thumbnail>
  <filename>DSC_0845.JPG</filename>
  <tooltip>ACEView ODC Inauguration</tooltip>
  <description>ACEView ODC Inauguration Celebrations</description>
</photo>
<photo>
  <thumbnail>s_DSC_0846.JPG</thumbnail>
  <filename>DSC_0846.JPG</filename>
  <tooltip>ACEView ODC Inauguration</tooltip>
  <description>ACEView ODC Inauguration Celebrations</description>
</photo>
<photo>
  <thumbnail>s_DSC_0847.JPG</thumbnail>
  <filename>DSC_0847.JPG</filename>
  <tooltip>ACEView ODC Inauguration</tooltip>
  <description>ACEView ODC Inauguration Celebrations</description>
</photo>
<photo>
  <thumbnail>s_DSC_0848.JPG</thumbnail>
  <filename>DSC_0848.JPG</filename>
  <tooltip>ACEView ODC Inauguration</tooltip>
  <description>ACEView ODC Inauguration Celebrations</description>
</photo>
<photo>
  <thumbnail>s_DSC_0849.JPG</thumbnail>
  <filename>DSC_0849.JPG</filename>
  <tooltip>ACEView ODC Inauguration</tooltip>
  <description>ACEView ODC Inauguration Celebrations</description>
</photo>
<photo>
  <thumbnail>s_DSC_0850.JPG</thumbnail>
  <filename>DSC_0850.JPG</filename>
  <tooltip>ACEView ODC Inauguration</tooltip>
  <description>ACEView ODC Inauguration Celebrations</description>
</photo>
<photo>
  <thumbnail>s_DSC_0851.JPG</thumbnail>
  <filename>DSC_0851.JPG</filename>
  <tooltip>ACEView ODC Inauguration</tooltip>
  <description>ACEView ODC Inauguration Celebrations</description>
</photo>
<photo>
  <thumbnail>s_DSC_0852.JPG</thumbnail>
  <filename>DSC_0852.JPG</filename>
  <tooltip>ACEView ODC Inauguration</tooltip>
  <description>ACEView ODC Inauguration Celebrations</description>
</photo>
<photo>
  <thumbnail>s_DSC_0853.JPG</thumbnail>
  <filename>DSC_0853.JPG</filename>
  <tooltip>ACEView ODC Inauguration</tooltip>
  <description>ACEView ODC Inauguration Celebrations</description>
</photo>
<photo>
  <thumbnail>s_DSC_0854.JPG</thumbnail>
  <filename>DSC_0854.JPG</filename>
  <tooltip>ACEView ODC Inauguration</tooltip>
  <description>ACEView ODC Inauguration Celebrations</description>
</photo>
<photo>
  <thumbnail>s_DSC_0855.JPG</thumbnail>
  <filename>DSC_0855.JPG</filename>
  <tooltip>ACEView ODC Inauguration</tooltip>
  <description>ACEView ODC Inauguration Celebrations</description>
</photo>
<photo>
  <thumbnail>s_DSC_0856.JPG</thumbnail>
  <filename>DSC_0856.JPG</filename>
  <tooltip>ACEView ODC Inauguration</tooltip>
  <description>ACEView ODC Inauguration Celebrations</description>
</photo>
<photo>
  <thumbnail>s_DSC_0857.JPG</thumbnail>
  <filename>DSC_0857.JPG</filename>
  <tooltip>ACEView ODC Inauguration</tooltip>
  <description>ACEView ODC Inauguration Celebrations</description>
</photo>
<photo>
  <thumbnail>s_DSC_0858.JPG</thumbnail>
  <filename>DSC_0858.JPG</filename>
  <tooltip>ACEView ODC Inauguration</tooltip>
  <description>ACEView ODC Inauguration Celebrations</description>
</photo>

</photos>